{"dim": 1, "delta": 0.2, "mu": 10, "dmu": 0.57, "g": -3.2806792549151416, "data": [[0.06419289240692902, 0.10405075911760982, 0.1], [0.06402659161144728, 0.10424246881381642, 0.10202020202020202], [0.06385729176121158, 0.10443821248881054, 0.10404040404040404], [0.06368501202118458, 0.10463842235399928, 0.10606060606060606], [0.06350977196851963, 0.10484296442019404, 0.10808080808080808], [0.06333159161163943, 0.10505197719976939, 0.1101010101010101], [0.06315049141738181, 0.10526588195927557, 0.11212121212121212], [0.06296649233873813, 0.10548428468701238, 0.11414141414141415], [0.06277961585733101, 0.10570646760255231, 0.11616161616161616], [0.06258988402740201, 0.10593330784461857, 0.1181818181818182], [0.062397319543093854, 0.10616497254020071, 0.1202020202020202], [0.06220194581299574, 0.10640169391314043, 0.12222222222222223], [0.06200378705966886, 0.10664379997653844, 0.12424242424242425], [0.06180286845060747, 0.10689175703626272, 0.12626262626262627], [0.061599216256888994, 0.10714622144349989, 0.12828282828282828], [0.0613928580691275, 0.10740808378750097, 0.1303030303030303], [0.06118382307171349, 0.10767845967833643, 0.13232323232323234], [0.06097214240450403, 0.10760859986191242, 0.13434343434343435], [0.06075784964854487, 0.10824933150778009, 0.13636363636363635], [0.06054098146979599, 0.10819814496048218, 0.1383838383838384], [0.06032157850162295, 0.1085066332427655, 0.14040404040404042], [0.06009968656079665, 0.10884104375467295, 0.14242424242424243], [0.05987535835836177, 0.10917549889358334, 0.14444444444444446], [0.059648655957340424, 0.10950999846255961, 0.14646464646464646], [0.059419654388031796, 0.1098445422678126, 0.1484848484848485], [0.05918844714835784, 0.11017913010647189, 0.1505050505050505], [0.05895515488877209, 0.11038528203091295, 0.15252525252525254], [0.05871993983564774, 0.10764882066987631, 0.15454545454545454], [0.05848303136118848, 0.10498567702310718, 0.15656565656565657], [0.058244775556584256, 0.10239304549073439, 0.1585858585858586], [0.05800574469447003, 0.09986826565378627, 0.1606060606060606], [0.05776703451394074, 0.09740881299979125, 0.16262626262626262], [0.057531474656153526, 0.09501229033874409, 0.16464646464646465], [0.057320319543489456, 0.0926764198710156, 0.16666666666666669], [0.05708822586439986, 0.09039903584067147, 0.1686868686868687], [0.05687123381562218, 0.0881780777000476, 0.1707070707070707], [0.05672269054397488, 0.0860115839200667, 0.17272727272727273], [0.0563912956285829, 0.08389768597772698, 0.17474747474747476], [0.05605998780326394, 0.08183460297357766, 0.17676767676767677], [0.05572876870612188, 0.07982063656294001, 0.17878787878787877], [0.05539763996161429, 0.0778541662333345, 0.1808080808080808], [0.05506660320071682, 0.07593364490861627, 0.18282828282828284], [0.05473566004960992, 0.07405759484748481, 0.18484848484848487], [0.05443331735621904, 0.07222460381586784, 0.18686868686868688], [0.054135060678779386, 0.07043332150706844, 0.18888888888888888], [0.05431775916627314, 0.06868245620534479, 0.19090909090909092]]}