{"dim": 1, "delta": 0.2, "mu": 10, "dmu": 0.27, "g": -2.7137980772945562, "data": [[0.036477350555386874, 0.049001929741586424, 0.03], [0.03643310882326379, 0.049050250116578355, 0.030505050505050504], [0.03638817270631879, 0.04909942281602258, 0.03101010101010101], [0.036342544389198546, 0.049149451358914895, 0.03151515151515152], [0.03629622609830577, 0.0492003400267337, 0.03202020202020202], [0.036249220108073237, 0.049252094563777014, 0.032525252525252527], [0.03620152871976133, 0.04930472447979526, 0.03303030303030303], [0.03615315430878654, 0.049358263242619736, 0.033535353535353536], [0.03610409928397412, 0.04941264490519602, 0.03404040404040404], [0.03605436611161642, 0.049467863369595994, 0.034545454545454546], [0.036003957319241026, 0.049523960968081544, 0.03505050505050505], [0.03595287549764095, 0.04958094319764622, 0.035555555555555556], [0.035901123314901834, 0.049638816499493726, 0.03606060606060606], [0.035848703516823385, 0.04969758853951105, 0.036565656565656565], [0.0357956189496761, 0.04975726866261198, 0.037070707070707073], [0.03574187256598478, 0.049817868495833265, 0.037575757575757575], [0.03568746745123605, 0.0498794028117259, 0.038080808080808076], [0.03563240684130767, 0.04994189078771106, 0.038585858585858585], [0.03557669416263956, 0.05000535778699824, 0.03909090909090909], [0.03552033307130031, 0.05006983793077454, 0.039595959595959594], [0.03546332750559408, 0.05013537769595023, 0.040101010101010096], [0.03540568175978043, 0.05020204080174917, 0.040606060606060604], [0.03534740058488158, 0.050269914250525995, 0.04111111111111111], [0.035288489318764285, 0.05033911431365953, 0.041616161616161614], [0.03522895406542419, 0.05040978827579036, 0.04212121212121212], [0.03516880195147777, 0.050482100710742654, 0.04262626262626262], [0.03510804148700197, 0.050556169648280844, 0.04313131313131313], [0.035046683087497775, 0.0506313796393602, 0.04363636363636363], [0.034984739855804706, 0.05070971880026341, 0.04414141414141414], [0.03492222878773984, 0.050790293537000555, 0.04464646464646464], [0.034859172704845856, 0.0508729717266784, 0.04515151515151515], [0.034795603533579876, 0.05095748670083516, 0.04565656565656566], [0.03473156827903839, 0.05104347355653288, 0.04616161616161616], [0.03466714107225633, 0.05113052346762989, 0.04666666666666666], [0.03460245157640885, 0.05121825724632739, 0.04717171717171717], [0.03453777291554692, 0.05130638851473948, 0.04767676767676768], [0.034474061952008306, 0.051394741969457564, 0.04818181818181818], [0.034411873379792304, 0.050914885233878826, 0.04868686868686868], [0.03434732448641894, 0.049887002116313826, 0.04919191919191919], [0.034284381709232134, 0.04888034413277021, 0.0496969696969697], [0.03422990491199743, 0.04789427254069696, 0.0502020202020202], [0.03422287162250419, 0.04692817427255981, 0.05070707070707071], [0.03414637198225836, 0.0459814606667666, 0.05121212121212121], [0.03406926040926284, 0.04505356626315651, 0.05171717171717172], [0.03399154106680584, 0.04414394767283672, 0.052222222222222225], [0.03391321821645037, 0.04325208251281506, 0.05272727272727273], [0.03383429624570723, 0.042377468400988445, 0.05323232323232323], [0.03375477971458011, 0.04151962200920989, 0.053737373737373736], [0.03367467342361514, 0.04067807816912144, 0.054242424242424245], [0.03359398251637777, 0.039852389028597855, 0.054747474747474746], [0.03351271264270876, 0.039042123254044415, 0.05525252525252525], [0.03343087021597402, 0.03824686527746722, 0.055757575757575756], [0.03334846283057359, 0.037466214583641945, 0.056262626262626264], [0.033265499930003294, 0.03669978503546296, 0.056767676767676765], [0.033181993877077674, 0.03594720423633703, 0.05727272727272727], [0.03309796156824213, 0.035208112925315276, 0.057777777777777775], [0.03301342637821339, 0.034482164404429506, 0.05828282828282828], [null, 0.03376902399537488, 0.05878787878787879]]}